{
    "pyreverseUML.py": {
        "LOC": 43,
        "Cyclomatic Complexity": 4.0,
        "Maintainability Index": 89.8014284718375,
        "Halstead Volume": [
            2,
            3,
            2,
            3,
            5,
            5,
            6.754887502163469,
            11.60964047443681,
            1.0,
            11.60964047443681,
            0.6449800263576005,
            0.0038698801581456034
        ]
    }
}